topic,keyword
pengendalian hama,pengendalian hama
pengendalian hama,pestisida organik
pengendalian hama,hama tanaman
pengendalian hama,hama padi
pengendalian hama,OPT tanaman
pengendalian hama,pengendalian hama tanaman
pengendalian hama,insektisida alami
pengendalian hama,serangan hama
pengendalian hama,pengendalian hama terpadu
pengendalian hama,hama sayuran
pemupukan,pupuk organik
pemupukan,pupuk NPK
pemupukan,pupuk hayati
pemupukan,pupuk cair
pemupukan,pupuk daun
pemupukan,pupuk kompos
pemupukan,pupuk kandang
pemupukan,pupuk majemuk
pemupukan,pupuk mikroba
pemupukan,pupuk tanaman
irigasi,irigasi tetes
irigasi,irigasi sprinkler
irigasi,irigasi hidroponik
irigasi,sistem irigasi otomatis
irigasi,manajemen air lahan pertanian
irigasi,teknik irigasi efisien
irigasi,irigasi padi
irigasi,irigasi pertanian modern
irigasi,pengaturan aliran air
irigasi,irigasi berkelanjutan
budidaya organik,pertanian organik
budidaya organik,budidaya sayuran organik
budidaya organik,pestisida nabati
budidaya organik,pupuk organik cair
budidaya organik,kompos organik
budidaya organik,sertifikasi organik
budidaya organik,manajemen hama organik
budidaya organik,teknik budidaya ramah lingkungan
budidaya organik,pengendalian OPT organik
budidaya organik,budidaya buah organik
hidroponik,hidroponik
hidroponik,cara hidroponik
hidroponik,hidroponik pemula
hidroponik,nutrisi hidroponik
hidroponik,NFT hidroponik
hidroponik,DWC hidroponik
hidroponik,media tanam hidroponik
hidroponik,hidroponik selada
hidroponik,rak hidroponik
hidroponik,greenhouse hidroponik
